INSERT INTO Companies VALUES ('EG_Hardware@EGH.eg', 'EG_Hardware', 'Cairo , 90 street', '@EGH.eg', 'national',
'Cheap And Good', 'Hardware');

INSERT INTO Companies VALUES ('ARGames@AR.com', 'ARGames', 'NYC, 15th street District No.5', '@AR.com', 'international',
'promising Envirnoment', 'Gaming');

INSERT INTO Companies VALUES ('EDSoftwares@ED.jp', 'EDSoftwares', 'Cairo ,Madint Nasr, District No.7', '@ED.jp', 'international',
'easy money', 'Software Engineering');

INSERT INTO Departments VALUES (101, 'EG_Hardware@EGH.eg', 'Electronics');
INSERT INTO Departments VALUES (201, 'EG_Hardware@EGH.eg', 'processors');
INSERT INTO Departments VALUES (301, 'EG_Hardware@EGH.eg', 'Monitors');

INSERT INTO Departments VALUES (101, 'ARGames@AR.com', 'Game Design');
INSERT INTO Departments VALUES (102, 'ARGames@AR.com', 'Game Art');
INSERT INTO Departments VALUES (103, 'ARGames@AR.com', 'Game Testing');

INSERT INTO Departments VALUES (201, 'EDSoftwares@ED.jp', 'DB');
INSERT INTO Departments VALUES (101, 'EDSoftwares@ED.jp', 'DLD');
INSERT INTO Departments VALUES (307, 'EDSoftwares@ED.jp', 'OOP');

INSERT INTO Users VALUES( 'Ahmed_useif' , '12345m', 'Ahmed@yahoo.com', '29/10/1990', 1, 'Ahmed', 'Gamal',
'useif');
INSERT INTO Users VALUES( 'Mohamed_Hesham' , '12345m6', 'MH@yahoo.com', '10/5/1997', 1, 'Mohamed', 'Hesham',
'Ibrahim');
INSERT INTO Users VALUES( 'Ahmed_Khaled1' , '543217', 'AhmedKH@yahoo.com','20/7/1980', 3, 'Ahmed', 'Khaled',
'Yousry');
INSERT INTO Users VALUES( 'DanielMalak' , '1234588', 'DanielMalak@gmail.com', '20/10/1996', 1, 'Daniel', 'Malak',
'Malak');
Insert INTO Staff_Members VALUES('Ahmed_useif',20,'Ahmed_useif@EGH.eg',55, 8000,'Graphic Designer','Electronics','EG_Hardware');
Insert INTO Staff_Members VALUES('Mohamed_Hesham',20,'Mohamed_Hesham@EGH.eg',55, 8000,'Graphic Designer','Electronics','EG_Hardware');
Insert INTO Staff_Members VALUES('Ahmed_Khaled1',20,'Ahmed_Khaled1@EGH.eg',55, 8000,'Graphic Designer','Electronics','EG_Hardware');
Insert INTO Staff_Members VALUES('DanielMalak',20,'DanielMalak@EGH.eg',55, 8000,'Graphic Designer','Electronics','EG_Hardware');
INSERT INTO HR_Employees VALUES ('Ahmed_useif');
INSERT INTO Managers VALUES ('Mohamed_Hesham','technical');
INSERT INTO HR_Employees VALUES ('Ahmed_Khaled1');
INSERT INTO Managers VALUES ('DanielMalak','Designer');

INSERT INTO Users VALUES( 'Ahmed_Khaled1' , '543217', 'AhmedKH@yahoo.com', '3/5/1983', 3, 'sameh', 'Khaled',
'Mohamed');
INSERT INTO Users VALUES( 'ibraam_emad' , '123', 'IbraamEmad@gmail.com', '8/9/1977', 5, 'Ibraam', 'Emad',
'Wassef');
INSERT INTO Users VALUES( 'SaraSS' , '5fef17', 'SaraSamy@yahoo.com', '19/2/1986', 8, 'Sara', 'Samy',
'Yousry');
INSERT INTO Users VALUES( 'Hesham1985' , 'io444t43ik', 'HeshanMaged@gmail.com', '28/1/1985', 7, 'Hesham', 'Maged',
'Hesham');
Insert INTO Staff_Members VALUES('Ahmed_Khaled1',20,'Ahmed_Khaled1@EGH.eg',55, 8000,'Graphic Designer','processors','EG_Hardware');
Insert INTO Staff_Members VALUES('ibraam_emad',20,'ibraam_emad@EGH.eg',55, 8000,'Graphic Designer','processors','EG_Hardware');
Insert INTO Staff_Members VALUES('SaraSS',20,'SaraSS@EGH.eg',55, 8000,'Graphic Designer','processors','EG_Hardware');
Insert INTO Staff_Members VALUES('Hesham1985',20,'Hesham1985@EGH.eg',55, 8000,'Graphic Designer','processors','EG_Hardware');
INSERT INTO HR_Employees VALUES ('Ahmed_Khaled1');
INSERT INTO Managers VALUES ('ibraam_emad','Financial');
INSERT INTO HR_Employees VALUES ('SaraSS');
INSERT INTO Managers VALUES ('Hesham1996','Software Engineer');

INSERT INTO Users VALUES( 'Ziad_M' , 'Zezo8813', 'Ziad.M@yahoo.com', '3/8/1980', 10, 'Ziad', 'Mamdoh',
'Mohamed');
INSERT INTO Users VALUES( 'RamyWafy' , 'Ramykekjf', 'RamyWafy@gmail.com', '5/10/1974', 9, 'Ramy', 'Wafy',
'khaled');
INSERT INTO Users VALUES( 'Khaled_Amr' , '190383232', 'Khaled29@yahoo.com', '19/11/1995', 1, 'Khaled', 'Amr',
'samih');
INSERT INTO Users VALUES( 'Hesham1996' , 'hhhrrrrka', 'HeshamXX@gmail.com', '8/10/1996', 1, 'Hesham', 'Ahmed',
'Amr');
Insert INTO Staff_Members VALUES('Ziad_M',20,'Ziad_M@EGH.eg',55, 8000,'Graphic Designer','Monitors','EG_Hardware');
Insert INTO Staff_Members VALUES('RamyWafy',20,'RamyWafy@EGH.eg',55, 8000,'Graphic Designer','Monitors','EG_Hardware');
Insert INTO Staff_Members VALUES('Khaled_Amr',20,'Khaled_Amr@EGH.eg',55, 8000,'Graphic Designer','Monitors','EG_Hardware');
Insert INTO Staff_Members VALUES('KhHesham1996',20,'Hesham1996@EGH.eg',55, 8000,'Graphic Designer','Monitors','EG_Hardware');
INSERT INTO HR_Employees VALUES ('Ziad_M');
INSERT INTO Managers VALUES ('RamyWafy','Financial');
INSERT INTO HR_Employees VALUES ('Khaled_Amr');
INSERT INTO Managers VALUES ('Hesham1996','Designer');

INSERT INTO Users VALUES( 'MarryamM' , '543217', 'AhmedKH@yahoo.com', '8/3/1980', 6, 'Maryam', 'Ahmed',
'Sabry');
INSERT INTO Users VALUES( 'Taroook' , '1234fiej588', 'TarekA@gmail.com', '3/10/1996', 1, 'Tarek', 'Ahmed',
'Tarek');
INSERT INTO Users VALUES( 'sherin99' , 'kalf998', 'sherin_S@yahoo.com', '7/11/1980', 10, 'Sherin', 'Saad',
'Yousry');
INSERT INTO Users VALUES( ' NoorNady' , '0102222222', 'Noor_N@gmail.com', '9/3/1996', 1, 'Noor', 'Nady',
'Noor');
INSERT INTO HR_Employees VALUES ('MarryamM');
INSERT INTO Managers VALUES ('Taroook','technical');
INSERT INTO HR_Employees VALUES ('sherin99');
INSERT INTO Managers VALUES ('NoorNady','Designer');

INSERT INTO Users VALUES( 'MedhatM' , 'Mrfhfeiee', 'MedhatMM@yahoo.com', '5/10/1984', 3, 'Medhat', 'Medhat',
'Medhat');
INSERT INTO Users VALUES( 'Jamila9' , '9997j8uijj8', 'JamilaAwad@gmail.com', '9/3/1996', 1, 'Jamila', 'Awad',
'Awad');
INSERT INTO Users VALUES( 'SamiSamy' , 'fufufufu', 'Samiiii@yahoo.com','19/5/1987', 3, 'Sami', 'Ahmed',
'Samy');
INSERT INTO Users VALUES( 'OmarO' , 'OmarOmar929', 'Omar777@gmail.com', '15/2/1997', 1, 'Omar', 'Omar',
'Omar');
INSERT INTO HR_Employees VALUES ('MedhatM');
INSERT INTO Managers VALUES ('Jamila9','technical');
INSERT INTO HR_Employees VALUES ('SamiSamy');
INSERT INTO Managers VALUES ('OmarO','Designer');

INSERT INTO Users VALUES( 'khaled_amr' , '199772288', 'Khaled_amr@yahoo.com', '29/5/1991', 3, 'Khaled', 'Amr',
'Khaled');
INSERT INTO Users VALUES( 'Abdelrahman_9' , 'abd34446', 'AbdelrahmanAhmed@gmail.com', '6/7/1996', 1, 'AbdelRahman', 'Ahmed',
'Ahmed');
INSERT INTO Users VALUES( 'sherifR' , 's1199222', 'SherifRR@yahoo.com', '2/2/1989', 3, 'Sherif', 'Rafaat',
'Raafat');
INSERT INTO Users VALUES( 'SHawkYY' , 'SH112333954', 'Shawkyyy@gmail.com', '23/9/1990', 1, 'Shawky', 'Ahmed',
'Shawky');
INSERT INTO HR_Employees VALUES ('khaled_amr');
INSERT INTO Managers VALUES ('Abdelrahman_9','technical');
INSERT INTO HR_Employees VALUES ('sherifR');
INSERT INTO Managers VALUES ('SHawkYY','Designer');

INSERT INTO Users VALUES( 'ibraaam' , 'ibraaam1192', 'ibraamI@yahoo.com', '10/5/1980', 3, 'ibraam', 'ibraam',
'ibraam');
INSERT INTO Users VALUES( 'Daniel' , 'dani3344343', 'DanielDD@gmail.com', '1/3/1996', 1, 'Daniel', 'Daniel',
'Daniel');
INSERT INTO Users VALUES( 'MotchMM' , '01020293393934', 'MotchMM@yahoo.com', '29/4/1980', 3, 'Ahmed', 'Khaled',
'Yousry');
INSERT INTO Users VALUES( 'BassemBB' , 'iiejjdmmm', 'BassemB@gmail.com', '4/4/1996', 1, 'Bassem', 'Bassem',
'Bassem');
INSERT INTO HR_Employees VALUES ('ibraaam');
INSERT INTO Managers VALUES ('Daniel','technical');
INSERT INTO HR_Employees VALUES ('MotchMM');
INSERT INTO Managers VALUES ('BassemBB','Designer');

INSERT INTO Users VALUES( 'AkramA' , '11119977', 'AkramAHmed@yahoo.com', '7/9/1980', 3, 'Akram', 'Ahmed',
'Ahmed');
INSERT INTO Users VALUES( 'lydia' , '999999999', 'LydiaS@gmail.com', '3/10/1996', 1, 'Lydia', 'Sami',
'Sydhom');
INSERT INTO Users VALUES( 'AliA' , '543217ffe', 'AliaAhmed@yahoo.com','5/4/1981', 3, 'Alia', 'Ahmed',
'Ahmed');
INSERT INTO Users VALUES( 'Ali' , '1234588', 'DanielMalak@gmail.com', '1/2/1969', 20, 'Ali', 'Ali',
'Ahmed');
INSERT INTO HR_Employees VALUES ('Ahmed_useif');
INSERT INTO Managers VALUES ('Mohamed_Hesham','technical');
INSERT INTO HR_Employees VALUES ('Ahmed_Khaled1');
INSERT INTO Managers VALUES ('DanielMalak','Designer');

INSERT INTO Users VALUES( 'HebaAmer' , '543217', 'AhmedKH@yahoo.com', '10/30/1990', 3, 'Heba', 'Amer',
'Amer');
INSERT INTO Users VALUES( 'HoussamH' , '1234588', 'HoussamH@gmail.com', '30/10/1987', 6, 'Houssam', 'Ali',
'Houssam');
INSERT INTO Users VALUES( 'Rana_Mohamed' , 'iieeooedd', 'RanaMohamed@yahoo.com', '10/30/1980', 9, 'Rana', 'Mohamed',
'Mounir');
INSERT INTO Users VALUES( 'yassminM' , '1234588', 'DanielMalak@gmail.com','30/10/1988', 3, 'Yassmin', 'Massoud',
'MAssoud');
INSERT INTO HR_Employees VALUES ('HebaAmer');
INSERT INTO Managers VALUES ('HoussamH','technical');
INSERT INTO HR_Employees VALUES ('Rana_Mohamed');
INSERT INTO Managers VALUES ('yassminM','Designer');
